{
  "generator-angular-fullstack": {
    "generatorVersion": "3.7.5",
    "endpointDirectory": "server/api/",
    "insertRoutes": true,
    "registerRoutesFile": "server/routes.js",
    "routesNeedle": "// Insert routes below",
    "routesBase": "/api/",
    "pluralizeRoutes": true,
    "insertSockets": true,
    "registerSocketsFile": "server/config/socketio.js",
    "socketsNeedle": "// Insert sockets below",
    "insertModels": true,
    "registerModelsFile": "server/sqldb/index.js",
    "modelsNeedle": "// Insert models below",
    "filters": {
      "js": true,
      "babel": true,
      "flow": false,
      "html": true,
      "css": true,
      "uirouter": true,
      "bootstrap": true,
      "uibootstrap": true,
      "noModels": true,
      "grunt": true,
      "mocha": true,
      "jasmine": false,
      "should": false,
      "expect": true
    }
  },
  "generator-ng-component": {
    "routeDirectory": "client/app/",
    "directiveDirectory": "client/app/",
    "componentDirectory": "client/app/components/",
    "filterDirectory": "client/app/",
    "serviceDirectory": "client/app/",
    "basePath": "client",
    "moduleName": "",
    "modulePrompt": true,
    "filters": [
      "uirouter",
      "mocha",
      "expect",
      "uirouter",
      "es6"
    ],
    "extensions": [
      "babel",
      "js",
      "html",
      "css"
    ],
    "directiveSimpleTemplates": "",
    "directiveComplexTemplates": "",
    "filterTemplates": "",
    "serviceTemplates": "",
    "factoryTemplates": "",
    "controllerTemplates": "",
    "componentTemplates": "",
    "decoratorTemplates": "",
    "providerTemplates": "",
    "routeTemplates": ""
  }
}